{
  "project_info": {
    "project_number": "589539387445",
    "project_id": "fir-app-b5462",
    "storage_bucket": "fir-app-b5462.firebasestorage.app"
  },
  "client": [
    {
      "client_info": {
        "mobilesdk_app_id": "1:589539387445:android:e50e88f07441541fa1297c",
        "android_client_info": {
          "package_name": "com.example.firebaseapp"
        }
      },
      "oauth_client": [],
      "api_key": [
        {
          "current_key": "AIzaSyBP7RUMxuS2olgNTflijhFEw5uKKm7MGI0"
        }
      ],
      "services": {
        "appinvite_service": {
          "other_platform_oauth_client": []
        }
      }
    }
  ],
  "configuration_version": "1"
}